device,fullVisitorId,visitId,transactions,revenue_usd
desktop,4132432278764632576,1485880579,2,2485.97
desktop,9338374006954760146,1483637514,1,1942.0
desktop,4984366501121503466,1483653271,1,1633.42
desktop,7117209037706583763,1485564412,1,1534.41
desktop,3697825790083716939,1485299389,1,1519.81
desktop,1131086328893373855,1484776178,1,1498.5
desktop,7284466025557220497,1483670493,1,1421.55
desktop,2208179340101029302,1484774664,1,1350.7
desktop,7266506425665550772,1483985944,1,1308.59
desktop,513403330506317388,1484058394,1,1272.45
desktop,155711517942843047,1484012596,1,1245.6
desktop,9089132392240687728,1484067708,1,1229.56
desktop,1814166460229302850,1484275199,1,1190.88
desktop,9089132392240687728,1485737724,1,1157.8
desktop,7638336411447332495,1485447665,2,1077.0
desktop,8637126764947849416,1483642129,1,1019.5
desktop,9974232250427988367,1483725863,1,994.65
desktop,9519453598438934808,1485117971,1,956.55
desktop,7311242886083854158,1484605745,1,920.16
desktop,4076862635585033778,1484077031,1,911.2
desktop,4387148615014504940,1485275995,1,904.27
desktop,6147396474895233852,1485879620,1,893.62
desktop,9029794295932939024,1484559404,1,888.57
desktop,1740516675967625074,1484791498,1,878.9
desktop,119870259714905967,1484074929,1,865.7
desktop,4655715907193364487,1485573654,1,803.44
desktop,4677742971872821654,1484927958,1,796.7
desktop,9457643087878203141,1483718050,1,796.35
desktop,0432606793105704004,1485327772,1,701.8
desktop,199097744636621972,1484701819,1,678.05
desktop,088945266147609238,1483477140,2,673.87
desktop,6213994431207095726,1483471291,1,663.8
desktop,372706149688864468,1484942330,2,612.3
desktop,0211986650009953276,1483568879,1,599.95
desktop,7168226225550508027,1485452166,1,593.91
desktop,3499571954427096935,1484690576,1,587.0
desktop,6010250598436085923,1484752541,1,570.26
desktop,3114573633240274987,1484795003,1,567.03
desktop,7292983953762980102,1485893759,1,559.0
desktop,1774756696067199606,1483925055,1,558.85
desktop,5179586107192059934,1484342612,1,558.25
desktop,8485421393652582878,1485886991,1,548.39
desktop,5253470416041507964,1483624657,1,539.8
desktop,1600149537033335850,1484236611,1,524.34
desktop,6569964390858147530,1485909879,1,501.9
desktop,0608915197735218105,1484346392,1,501.84
desktop,4527632410179600927,1483893503,1,499.3
desktop,032685444859747984,1485389275,1,469.87
desktop,7199611745811583535,1483554305,1,463.6
desktop,7638200261989402480,1484849588,1,431.1
desktop,6165745649694489775,1483310116,1,425.07
desktop,7394010699967893588,1485208911,1,419.85
desktop,2546464604912220860,1485014740,1,416.8
desktop,2020115174591875878,1485900459,1,407.3
desktop,7001424081538361044,1485377315,1,406.49
desktop,2546464604912220860,1484363668,1,402.09
desktop,8204948786772799314,1485358707,1,401.07
desktop,867222691898422653,1485213275,1,399.6
desktop,4314863785819790681,1484683725,1,390.95
desktop,3073854849237490517,1485282163,1,387.77
desktop,7292983953762980102,1485184673,1,383.7
desktop,4038361093830077975,1485803736,1,374.74
desktop,4776430236860680101,1484553729,1,370.25
desktop,2751071784203497950,1485805440,1,369.8
desktop,9122350425856868704,1485196771,1,358.72
desktop,3826933837621771483,1483539782,1,350.0
desktop,6110976865163605905,1485796019,1,347.43
desktop,1724440306318274648,1483630921,1,346.32
desktop,8197879643797712877,1483371238,1,338.13
desktop,7311242886083854158,1483729063,1,337.0
desktop,5017076577058711324,1483978646,1,335.4
desktop,6849604863010168468,1483566314,1,335.26
desktop,200523063890471612,1485738200,1,333.04
desktop,5343854079752182770,1485806049,1,324.92
desktop,8436426603099391262,1485890093,2,306.84
desktop,0199756139590139879,1485791810,2,299.55
desktop,3841458002774357152,1483716636,1,299.5
desktop,2170187207466627823,1484028859,1,289.92
desktop,7435052038545127483,1484794049,1,289.37
desktop,2196696088271959039,1484073248,1,280.5
desktop,7435052038545127483,1484689887,1,279.37
desktop,0540193727116110682,1485278166,1,271.7
desktop,1807168875830631146,1484164074,1,268.74
desktop,5949169854058758957,1484019497,1,268.42
desktop,1759779356678951325,1485467514,1,264.79
desktop,5590743844926892757,1485799306,1,259.88
desktop,0608915197735218105,1485467658,1,259.37
desktop,4548986347672972514,1484696055,1,254.85
desktop,6958136256460936943,1484864697,1,251.65
desktop,6986536761307654836,1485834064,1,251.24
desktop,0290663072707523580,1484344382,1,244.3
desktop,1591673974231051081,1483487862,1,243.16
desktop,7788388085759905895,1483990544,1,239.6
desktop,661947368755840479,1485458220,1,236.79
desktop,6288725097585538705,1483984289,1,231.03
desktop,5590743844926892757,1484186324,1,230.93
desktop,8156693537451506265,1484267392,1,228.45
desktop,5541311886379272019,1484254964,1,224.85
desktop,0199117534740864877,1483672623,1,223.6
desktop,3697825790083716939,1483735263,1,215.97
desktop,7638336411447332495,1485531717,1,211.8
desktop,4660460246407615039,1485797757,1,209.85
desktop,1636432037261130042,1483487213,1,207.14
desktop,2020115174591875878,1484322843,1,203.9
desktop,6676417252598129629,1485529230,1,201.15
desktop,3716528607664189498,1485200321,1,200.95
desktop,995837089950996818,1484194918,1,200.66
desktop,2838394030048546223,1485283949,1,199.9
desktop,0688527857109237010,1485535462,1,199.9
desktop,5920338215143617287,1485361941,1,199.8
desktop,9884208408379950496,1484977699,1,194.91
desktop,4758916657085060917,1484002795,1,191.7
desktop,2751071784203497950,1484074173,1,191.64
desktop,0463325773564352787,1485475748,1,191.17
desktop,870106544594907327,1485917307,1,191.14
desktop,0765966183501214400,1483730247,1,183.88
desktop,700225401855286769,1485443740,1,179.16
desktop,24304007537579808,1484770320,1,177.99
desktop,9519453598438934808,1485897066,1,177.55
desktop,2272979836636092591,1483567448,1,175.8
desktop,6165745649694489775,1485194137,1,175.6
desktop,6773504129316656025,1484687617,1,167.7
desktop,2499407186380266291,1484633704,1,167.15
desktop,4019823049713520813,1483655389,1,166.61
desktop,2590629993785032145,1483711901,1,166.31
desktop,4815752337215431060,1485121900,1,166.23
desktop,7254480785524182260,1484760650,1,164.84
desktop,9670996124580137796,1483578939,1,159.98
desktop,2838394030048546223,1484153831,1,159.92
desktop,2838394030048546223,1484073717,1,159.92
desktop,072595322994470645,1483474149,1,159.75
desktop,1078162902479144133,1484079124,1,157.44
desktop,527903113421923907,1485891169,1,156.68
desktop,9710480501909231921,1483562473,1,155.97
desktop,0718076753301188235,1483893162,1,155.92
desktop,9898247421236738052,1485905514,1,154.36
desktop,6450328915033226096,1483467949,3,151.9
desktop,5112948888194419112,1484793219,1,151.35
desktop,5040013333654434796,1485200004,1,149.88
desktop,3593099441368037638,1483729717,1,147.79
desktop,2513134404212328094,1484341012,1,146.94
desktop,7939213367478794488,1484091697,1,145.99
desktop,0810563443947477001,1483315785,1,145.52
desktop,0134817585377058947,1484860279,1,145.45
desktop,4412900685343047350,1483721228,1,143.97
desktop,320170113964429981,1483989876,1,143.82
desktop,6855973837181242337,1485751300,1,142.77
desktop,6214611984259283021,1483643204,1,140.91
desktop,5530375638871034769,1483708557,1,139.98
desktop,2591017631506070831,1483561743,1,135.92
desktop,029131400687020410,1483470881,1,134.32
desktop,6022725401734649731,1485389814,1,131.96
desktop,070893140406305841,1484674322,1,131.85
desktop,0608915197735218105,1484071431,1,130.36
desktop,1413300845517352724,1483354066,1,126.37
desktop,9378433426283964191,1485559520,1,125.54
desktop,0216379390200329933,1484334309,1,124.77
desktop,3500249170758628509,1484973095,1,124.76
desktop,5110323247811742778,1484120431,1,122.36
desktop,6726207842188370716,1483681849,1,121.56
desktop,0081840705529000272,1483557886,1,119.96
desktop,4166421942719145577,1485885179,1,119.96
desktop,9944482549138933048,1484842504,1,119.85
desktop,648777904915125343,1485300239,1,118.91
desktop,0047868538532140235,1484744069,1,117.94
desktop,1379398622703975756,1484328131,1,116.78
desktop,1941279334540452285,1485271156,1,115.94
desktop,9619365002104387449,1483995410,1,115.92
desktop,9471810254016440991,1483984836,1,114.31
desktop,5414778440969335716,1483574146,1,111.98
desktop,1270881807221511963,1485356334,1,111.98
desktop,0395012696484203225,1484964281,1,111.98
desktop,7843562488071473206,1485878506,1,111.8
desktop,5102519341834861025,1484703418,1,111.18
desktop,173863901552294318,1484399835,1,111.16
desktop,9427363159955336757,1485732278,1,110.94
desktop,2814872551544320279,1483999908,1,109.99
desktop,1440024345080708014,1484752096,1,106.32
desktop,155711517942843047,1483470975,1,106.31
desktop,2402527199731150932,1485453756,1,106.26
desktop,671417952592573132,1484763664,1,105.94
desktop,7419167186572756753,1484243845,1,105.52
desktop,791462951878788065,1485465620,1,105.12
desktop,9522133298937793910,1483635208,1,104.78
desktop,2678017605977262322,1484937964,1,104.78
desktop,9596568187246807844,1485809599,1,103.94
desktop,1620948710344032805,1484805232,1,103.18
desktop,4482624745886118154,1483476498,1,103.05
desktop,0586022395219552336,1485829002,1,103.02
desktop,7077546092404787998,1485728697,1,101.97
desktop,3440941357653473285,1485041614,1,101.95
desktop,4365809776716151144,1483988529,1,100.0
desktop,1915538933685278364,1483632043,1,100.0
desktop,7818622582367990484,1483968781,1,99.99
desktop,1479905681893527974,1483768019,1,99.98
desktop,1845281550200982748,1483627716,1,98.99
desktop,406001208091891832,1485469662,1,96.77
desktop,7270080953464199743,1485552658,1,95.99
desktop,277995947055991027,1483622617,1,95.98
desktop,4599293151185767579,1483679701,1,95.96
desktop,5818907015155531907,1485398248,1,95.8
desktop,5450212768993016861,1483752676,1,93.57
desktop,5811515226534313470,1484406696,1,91.97
desktop,3347706947631375795,1483538832,1,91.08
desktop,8010924216301401271,1484025720,1,90.38
desktop,342565333518409484,1483713955,1,89.95
desktop,6462196953273318864,1484620371,1,89.9
desktop,3883919079717671978,1485204836,1,89.58
desktop,5969191050952048751,1485716830,1,88.2
desktop,4307411610497308919,1485812030,1,87.99
desktop,4123860234327657457,1483559313,1,87.99
desktop,2236066284946239355,1484179342,1,87.99
desktop,545302570079415113,1484271231,1,87.99
desktop,522359013237328012,1483450985,1,87.98
desktop,7647399051164881931,1484339978,1,86.38
desktop,4539597857733998702,1484694639,1,84.94
desktop,9389853808320852799,1484162048,1,84.75
desktop,9433643728318784543,1485914202,1,83.16
desktop,7065662789249975422,1485730053,1,82.96
desktop,148135394525872002,1484770707,1,82.92
desktop,4808974885561715322,1485286304,1,82.2
desktop,2090714886530233895,1483981412,1,80.98
desktop,4305270415377533885,1485499587,1,80.76
desktop,9034814434587721345,1485821620,1,79.99
desktop,6645585126548219573,1484791493,1,79.99
desktop,4967676136502125585,1483538959,1,79.99
desktop,6961799001356572228,1485024534,1,79.99
desktop,3527366305683922189,1484697680,1,79.99
desktop,5716546627685384562,1485720807,1,79.99
desktop,0239598330790272854,1483927668,1,79.99
desktop,5950059119124275683,1484333470,1,79.99
desktop,868383912397841864,1485786629,1,79.96
desktop,5818907015155531907,1485363477,1,79.8
desktop,0054279989591037024,1485026562,1,79.19
desktop,5302571039827656728,1484065856,1,79.19
desktop,6855059626391376341,1484253715,1,79.17
desktop,7696973731640073168,1484349592,1,77.53
desktop,7742753003683875687,1483554567,1,76.78
desktop,2003564080152950767,1485808664,1,76.76
desktop,5309710556175093157,1484836978,1,75.96
desktop,514517908760071241,1485384182,1,75.95
desktop,3554960621245001989,1483588653,1,75.18
desktop,3725836239165941255,1483329849,1,75.18
desktop,274035778263408429,1483311416,1,75.18
desktop,2564270479700333184,1484919605,1,75.17
desktop,4058506374393507952,1483998361,1,74.99
desktop,9049250229691904708,1485280054,1,74.99
desktop,5857188717292018913,1484958180,1,74.99
desktop,6824514473807635978,1485897475,1,74.96
desktop,8376588599505232518,1484891409,1,74.35
desktop,330289116549575054,1484232693,1,73.58
desktop,9432393275834688713,1484266115,1,73.52
desktop,4888401942405274345,1484863651,1,71.97
desktop,9079614112770240084,1484676704,1,71.94
desktop,5609394618521393122,1485798388,1,71.8
desktop,9056182171688831716,1483729419,1,71.57
desktop,3322420343273401546,1483986560,1,71.09
desktop,8031899498943781745,1483753716,1,70.92
desktop,1331759169231440812,1485731401,1,70.39
desktop,963126344221316701,1483552674,1,69.39
desktop,480683872448243932,1485881531,1,68.77
desktop,4475085991365888558,1485293920,1,67.14
desktop,6526021164670173680,1485832264,1,66.93
desktop,372706149688864468,1484326485,1,64.78
desktop,3674071642665354067,1485910988,1,64.77
desktop,7488710348710523001,1485480993,1,64.7
desktop,5467849241888825970,1484085798,1,62.97
desktop,2926339495422227598,1483484831,1,61.96
desktop,8092136662808852323,1485377642,1,61.38
desktop,6514103813474537949,1485906172,1,60.78
desktop,803888563485194008,1483989737,1,59.99
desktop,4734664452187566278,1485821417,1,59.99
desktop,9323069406687793647,1485554450,1,59.99
desktop,7813149961404844386,1484170311,1,59.99
desktop,8885678008062348404,1483379496,1,59.99
desktop,5414778440969335716,1484592272,1,59.99
desktop,6214747534469142657,1483459696,1,59.99
desktop,3424108581759376667,1483718878,1,59.99
desktop,5084365397599422550,1485113454,1,59.98
desktop,04638983005167591,1483781165,1,59.96
desktop,3389857819205176144,1484671845,1,59.54
desktop,0027729301290398668,1484712595,1,59.17
desktop,8343235523660453315,1484834745,1,58.35
desktop,0044869357011346837,1483802210,1,57.97
desktop,6388824250276633832,1485474460,1,57.57
desktop,7035655888631728269,1483918447,1,57.56
desktop,3871891696772635172,1483925723,1,57.36
desktop,1029117971501759934,1483463140,1,56.69
desktop,6841461972455474576,1485892514,1,56.0
desktop,5206644155829437888,1485823342,1,55.99
desktop,0869298894715045644,1485391219,1,55.99
desktop,6897167392084877746,1485383389,1,55.99
desktop,5077243893642022050,1483672497,1,55.99
desktop,8580690454272378006,1485907349,1,55.99
desktop,5480128586099490735,1485922833,1,55.99
desktop,8722134795757149550,1483325386,1,55.99
desktop,8635761956186400931,1483906872,1,55.99
desktop,0738742613780622904,1484351598,1,55.99
desktop,6702410231065530921,1485015763,1,55.98
desktop,0839560865423027275,1483559151,1,55.16
desktop,7358793687985723141,1484159622,1,55.01
desktop,2553957087129235590,1485445175,1,53.56
desktop,6331108098497207662,1485711548,1,51.99
desktop,4533050097351388791,1484750238,1,51.97
desktop,2592638729105052123,1484339881,1,51.96
desktop,4301598633370091052,1483550577,1,51.89
desktop,9638518335828715596,1483837417,1,51.02
desktop,8452979952112356529,1484398743,1,50.97
desktop,19814677684676098,1484015270,1,50.39
desktop,7112946707690589198,1484668811,1,50.34
desktop,963205524675368812,1483497073,1,50.0
desktop,4391159742781809610,1484034947,1,49.99
desktop,2449425615576273633,1483325141,1,49.96
desktop,2449425615576273633,1483474092,1,49.96
desktop,2411322974724385937,1485530972,1,49.58
desktop,3976271665375481044,1485188795,1,49.58
desktop,5044031393629737352,1485723777,1,48.89
desktop,1325914909641958196,1483772850,1,48.22
desktop,2308970056076735364,1484162912,1,47.97
desktop,4431313163178462684,1483740727,1,47.97
desktop,925490504455490197,1485895836,1,47.9
desktop,4181284744732666111,1485382779,1,47.18
desktop,6908387488019906910,1483559226,1,46.11
desktop,7857488410437380421,1485575531,1,44.97
desktop,8056549664540866656,1484000273,1,44.79
desktop,4738075153873011166,1483990416,1,44.79
desktop,0628736701415781712,1485322773,1,44.79
desktop,4162641733520995374,1485798037,1,44.79
desktop,6214016505412778340,1484766510,1,44.79
desktop,9715798393834232864,1484756318,1,44.79
desktop,391659178324668475,1484749718,2,44.79
desktop,992812962494074450,1483573230,1,44.79
desktop,2375804711007415878,1484680776,1,44.79
desktop,7813149961404844386,1485535638,1,44.79
desktop,698616970895406010,1485541065,1,44.79
desktop,4353270075467470044,1485364853,1,44.79
desktop,5888716568893996188,1485374097,1,44.79
desktop,6347736525399420278,1483662404,1,44.79
desktop,6258496391273943408,1484192802,1,44.79
desktop,7517997316226476864,1483422961,1,44.79
desktop,9523142287027067833,1483415431,1,44.79
desktop,7813149961404844386,1484246986,1,44.79
desktop,3080209354082466305,1484259954,1,44.79
desktop,2923583380085498492,1485467793,1,44.79
desktop,0463325773564352787,1485471506,1,44.79
desktop,4734664452187566278,1485222490,1,44.79
desktop,0567258049821128407,1483809967,1,44.79
desktop,9963131995239003867,1485275486,1,44.77
desktop,6821649352225770256,1483462079,1,44.75
desktop,2017847299139936256,1485381477,1,44.0
desktop,8100631432407926233,1483646449,1,43.98
desktop,4821028877021679125,1485878576,1,43.98
desktop,8410351216723895628,1483670611,1,43.97
desktop,0308396243566145332,1484843363,1,43.96
desktop,7091796288058306768,1485541395,1,43.18
desktop,6701329268278625221,1483978416,1,43.16
desktop,2198879349250618795,1484361694,1,43.14
desktop,8022178122812724446,1483973961,1,43.1
desktop,589243891238071459,1484021765,1,42.48
desktop,5779647444057786360,1485373505,1,42.37
desktop,8004196057645719276,1483477518,1,42.37
desktop,1390764594937000351,1483725016,1,42.36
desktop,1685233972617661487,1485764399,1,41.98
desktop,8130587090166604598,1483672878,1,41.59
desktop,8284311607531582308,1483659702,1,41.59
desktop,0334916383849466701,1484262900,1,41.59
desktop,6136082397319101415,1484964400,1,41.59
desktop,7861268750444370687,1485056607,1,41.56
desktop,4293807246358895318,1484795370,1,40.77
desktop,2443130648849063586,1484930136,1,40.77
desktop,0152778576197288117,1485840660,1,39.99
desktop,7813149961404844386,1484075970,1,39.99
desktop,0776257183737046172,1484354873,1,39.99
desktop,9002953633143515508,1485891964,1,39.97
desktop,1232482218170292968,1484102061,1,39.47
desktop,6007068566943538173,1483647212,1,39.17
desktop,0060873674881142784,1484258736,1,39.17
desktop,3136171791619750824,1484793371,1,39.14
desktop,79867210646960655,1484658087,1,38.98
desktop,1531412460891558131,1483403119,1,38.98
desktop,011223364686614335,1485789961,1,38.97
desktop,3972031438204538458,1485457608,1,38.35
desktop,1029323150011228171,1485903008,1,38.28
desktop,5701006754406166040,1483351395,1,37.98
desktop,2265703789548596461,1483295231,1,37.57
desktop,3118941601870086725,1484712229,1,36.78
desktop,0460590127025597143,1484317916,1,36.0
desktop,3769216008640439142,1484719700,1,35.98
desktop,0210797287974741332,1483636028,1,35.97
desktop,7637583730181533171,1485205643,1,35.97
desktop,3085716023208993484,1485559765,1,35.89
desktop,6005846941999724552,1483951382,1,35.18
desktop,7298336494740484350,1483765055,1,35.16
desktop,1496770085953274945,1485194990,1,34.99
desktop,8284519161511719385,1484687269,1,34.98
desktop,1758403603414007957,1484861448,1,34.49
desktop,0085057281729508802,1483421832,1,34.37
desktop,4846439934286422830,1484268703,1,33.96
desktop,0733757037931594916,1484702501,1,33.56
desktop,6505695980027180429,1483647945,1,33.17
desktop,9633718916074132320,1483830613,1,32.96
desktop,9077649148974613765,1485812515,1,32.78
desktop,173863901552294318,1484256466,1,32.76
desktop,4985703629807810187,1485474927,1,31.98
desktop,0652686133169550028,1485201894,1,31.98
desktop,5216258683347805755,1484797317,1,31.97
desktop,4434546824564001977,1483835453,1,31.97
desktop,5426533618446479401,1484957767,1,31.18
desktop,7908882748835077246,1484865190,1,31.18
desktop,9981562221973608723,1483576938,1,30.75
desktop,8946514554986669717,1485446384,1,30.72
desktop,3841458002774357152,1485749109,1,30.39
desktop,1702474213534153249,1483413876,1,30.39
desktop,4647505914839180188,1485917091,1,30.39
desktop,1627208831212925916,1485477973,1,30.39
desktop,62722204677243801,1485456962,1,30.39
desktop,1639589047263376521,1484259363,1,30.38
desktop,4426059530155526122,1483855314,1,30.38
desktop,9535165767399175841,1483923585,1,30.38
desktop,6417028332559300792,1485547951,1,29.98
desktop,3404435547562826616,1485894835,1,29.98
desktop,054391506396728030,1485194006,1,29.9
desktop,9715183070192673688,1485798804,1,29.58
desktop,2332536676601903155,1483992301,1,28.98
desktop,6620224985350113488,1485188835,1,28.98
desktop,5506432627540376379,1483764172,1,28.9
desktop,3239121026206302364,1484076476,1,28.78
desktop,738451259641127092,1485213821,1,28.78
desktop,0024725579067754075,1483638411,1,28.76
desktop,5181406124249294849,1485623355,1,27.98
desktop,7708630394810651470,1483377733,1,27.97
desktop,6836107306781208493,1483737767,1,27.96
desktop,8668902316036611419,1485288191,1,27.85
desktop,840275515214055415,1483382120,1,27.19
desktop,0689221493301196449,1483496326,1,27.19
desktop,1336922403988607259,1483989371,1,27.18
desktop,0744307603598668939,1484766245,2,27.18
desktop,1004387731868322508,1485132761,1,27.18
desktop,9332976968342857288,1484166595,1,27.18
desktop,8918875846126233398,1485198154,1,27.18
desktop,528933380496819911,1483466900,1,27.18
desktop,0845988907408723108,1485650294,1,26.98
desktop,6843737679875735650,1484193628,1,26.98
desktop,4605732283887224691,1484073326,1,26.37
desktop,8986179509991315962,1484943301,1,26.37
desktop,2002941584451367020,1484944068,2,26.31
desktop,2859330575716176857,1483642131,1,25.98
desktop,7243174500774931832,1483317147,1,25.98
desktop,9332559619940886845,1483468471,1,25.54
desktop,2607736667163691156,1485797667,1,25.48
desktop,2620614855835258214,1485798049,1,25.47
desktop,7634897085866546110,1483641292,1,25.0
desktop,3515453378186105003,1484799312,1,24.99
desktop,9205496322274361632,1483380012,1,24.99
desktop,4290831302541966980,1485456771,1,24.99
desktop,9293575840819435961,1484925366,1,24.99
desktop,6759210140407313473,1484926947,1,24.99
desktop,6273454334466338652,1484346211,1,24.99
desktop,9015377887977642612,1484683824,1,24.47
desktop,2107066728400193912,1483674920,1,23.99
desktop,61892085087294527,1485884382,1,23.99
desktop,2829963874275041366,1483986968,1,23.98
desktop,5368975563333608262,1485868344,1,23.97
desktop,9894656893993782511,1485404785,1,23.95
desktop,7807217189456163612,1483464332,1,23.95
desktop,7376293826718831934,1484108863,1,23.9
desktop,6726478899201625475,1483541553,1,23.18
desktop,5592426380056165387,1484602901,1,23.18
desktop,3301001176863952275,1483599074,1,22.97
desktop,3945894443419413506,1485470612,1,22.97
desktop,5136575351603788061,1485396658,1,22.47
desktop,2422180165069305822,1484102917,1,22.4
desktop,3819398190341694887,1484086565,1,22.38
desktop,5483011806347502134,1484857128,1,22.38
desktop,9974461982959135812,1484842221,1,21.99
desktop,0047509547902079820,1485544215,1,21.56
desktop,4748015823262497744,1484746867,1,20.98
desktop,1444097777351910879,1485701876,1,20.98
desktop,3968337484870623826,1484193378,1,20.98
desktop,6129059309050021920,1483325774,1,20.98
desktop,6558070663026702303,1483480109,1,20.98
desktop,2702626484466818969,1483714902,1,20.98
desktop,4525326450497146494,1484370904,1,20.98
desktop,8496471110769354816,1484589338,1,20.93
desktop,8926768253847212533,1485817035,1,20.78
desktop,7405717600950397747,1485831616,1,19.99
desktop,6587875124073983247,1485366233,1,19.99
desktop,806304580282256912,1485392403,1,19.99
desktop,0390998170566117826,1483638909,1,19.99
desktop,6080515140552290327,1483650733,1,19.99
desktop,4237702059099095460,1484609628,1,19.99
desktop,8153111037173030058,1484245418,1,19.99
desktop,3307727541454538037,1484840089,1,19.99
desktop,2936634930290678437,1484883045,1,19.99
desktop,0950533423538162266,1484855373,1,19.99
desktop,8696957377453802990,1484530269,1,19.99
desktop,6103994353866186506,1483922671,1,19.99
desktop,8280304533450595822,1484569563,1,19.97
desktop,3513351372508524008,1485043299,1,19.96
desktop,4191379935308714195,1483624773,1,19.96
desktop,891856926182569230,1483385480,1,19.96
desktop,0533462479025888957,1484759391,1,19.19
desktop,2411322974724385937,1483546325,2,19.19
desktop,6056481761819241487,1485192844,1,19.19
desktop,0579326161967924544,1484846267,1,19.19
desktop,0777922178356486144,1485307902,1,19.18
desktop,7118031954619805826,1485825117,1,18.99
desktop,2147366385529994830,1485537129,1,18.99
desktop,2087880022078046202,1485379213,1,18.99
desktop,7249775005981823793,1485073840,1,18.99
desktop,5766280637423737637,1484250107,1,18.99
desktop,3765491629047320813,1484885557,1,18.99
desktop,4697761145388027132,1484330155,1,18.99
desktop,5456592734532030332,1485834058,1,18.98
desktop,5847645820531531550,1484407885,1,18.98
desktop,0383714650593435379,1485203230,1,18.95
desktop,7738303201145232755,1483476503,1,18.39
desktop,1021564728056895088,1484363019,1,17.99
desktop,0529281851523725509,1484178155,2,17.59
desktop,1997283608635698919,1484627685,1,17.59
desktop,6179415313155508546,1483463137,1,17.59
desktop,4419213333970429526,1483729645,1,17.59
desktop,6525565523346061607,1485912456,1,17.58
desktop,0911550486858499476,1485304337,1,16.99
desktop,6760846348578778765,1485280455,1,16.99
desktop,3430259988193283726,1485026682,1,16.99
desktop,5561134301954215785,1484696889,1,16.99
desktop,565056780083615308,1485347524,1,16.99
desktop,554728164623826608,1484102578,1,16.99
desktop,7385533995680230366,1483492055,1,16.99
desktop,2591017631506070831,1484842971,1,16.99
desktop,8395347447837292340,1484324189,1,16.99
desktop,7761232105915490480,1483647699,1,16.98
desktop,2754641781550794681,1485379628,1,16.97
desktop,9913050839913654697,1485145536,1,16.5
desktop,66547844041573580,1484218900,1,16.46
desktop,3215729429198564415,1484752844,1,15.99
desktop,7930731506451371847,1484782617,1,15.99
desktop,1167024322256715151,1483658331,1,15.99
desktop,1201830545807654637,1484453948,1,15.99
desktop,4966706943943178506,1484100993,1,15.99
desktop,2793295987972453232,1483473211,1,15.99
desktop,2286438402554934622,1484847404,1,15.99
desktop,9077717113702247034,1485135453,1,15.96
desktop,2078583228250254997,1484785451,1,15.19
desktop,1324866380268873022,1484761831,1,15.19
desktop,1285811160522710067,1485055110,1,15.19
desktop,4211738365685147723,1484697791,1,15.19
desktop,3452334912084453714,1485559969,2,15.19
desktop,8398495866792940081,1485128091,1,15.19
desktop,1361425561124755941,1484082673,1,15.19
desktop,1853598182868352688,1484846506,1,15.19
desktop,9866199972997605138,1484856896,1,15.19
desktop,8386561909318064795,1483391685,1,15.18
desktop,1582753362351351109,1483415747,1,14.38
desktop,0159084910202112487,1483552413,1,14.37
desktop,5037208788065339806,1484958567,1,14.34
desktop,4792822839185962320,1485834622,1,13.99
desktop,9326855238826836003,1485293376,1,13.98
desktop,9911363060681535330,1484767482,1,13.59
desktop,6716928511410179095,1484722235,1,13.59
desktop,9237271576556447449,1485136484,1,13.59
desktop,5877921283678056526,1483653785,1,13.59
desktop,306895922494129375,1483655784,1,13.59
desktop,397897232696727433,1483627836,1,13.59
desktop,7594157089401877562,1485235715,1,13.59
desktop,4830211069912792009,1483321225,1,13.59
desktop,4163967138563839128,1484339233,1,13.59
desktop,8406359927975063956,1483577933,1,12.99
desktop,4611888827983385850,1485649633,1,11.99
desktop,0880816614925318447,1483928251,1,11.98
desktop,205818826345710444,1485483505,1,11.96
desktop,0227223667732638007,1484144991,1,11.2
desktop,7376304169676630885,1485279054,1,11.19
desktop,789905443393425189,1483402011,1,11.18
desktop,2478354346693137452,1484462123,1,11.18
desktop,8963849210488709948,1484692333,1,10.99
desktop,0932061680533450083,1484424982,1,10.99
desktop,6311424614094967654,1483909843,1,10.98
desktop,5148203255288090886,1485296196,1,10.97
desktop,9541870086630790426,1485882505,1,10.97
desktop,820434232211333013,1485894064,1,10.39
desktop,3246079438339709804,1484848918,1,10.38
desktop,4443963979157579061,1483465165,1,9.55
desktop,813435824692883942,1484342015,1,9.55
desktop,5915583521852915302,1485898588,1,8.98
desktop,176005021706950083,1485386572,1,7.99
desktop,0855579681303585688,1485715194,1,7.98
desktop,0728302696788663197,1484168605,1,7.97
desktop,7452591958167406113,1485829428,1,7.96
desktop,0840608732692239910,1484320817,1,7.96
desktop,7474545646288919609,1485314520,1,6.99
desktop,3081808777530081945,1485292952,1,6.99
desktop,6578016208706520145,1485403264,1,6.98
desktop,6415113611963925053,1485896708,1,6.97
desktop,6575507973076035820,1485737683,1,6.49
desktop,5110128793223386663,1483644184,1,5.98
desktop,1442096132173976146,1485930160,1,5.59
desktop,9620923631569343304,1484338459,1,5.5
desktop,3769216008640439142,1484958560,1,5.48
desktop,072871522029318255,1485327451,1,3.98
desktop,9935876634073968558,1484801431,1,3.98
desktop,7477203212403257765,1484856263,1,3.98
desktop,1096278048231856532,1484731002,1,3.96
desktop,0855579681303585688,1485649229,1,3.59
desktop,1596912606849218999,1483974967,1,3.5
desktop,1596912606849218999,1484796319,1,3.5
desktop,4402860754109907978,1484682651,1,3.5
desktop,1596912606849218999,1484684674,1,3.5
desktop,0883217425810297944,1484004166,2,1.99
desktop,4600960627022225242,1484766164,1,1.99
desktop,0846909178011312417,1485382443,1,1.99
desktop,7424654781881934440,1483274750,1,1.99
desktop,1740096949560523754,1483766331,1,1.99
mobile,437357987201411491,1484290624,1,1137.35
mobile,9725941383382274621,1484000933,1,1101.9
mobile,9096520761663761535,1484846550,1,1034.55
mobile,7396384706323570886,1484770141,1,213.94
mobile,7703634562564929325,1484404138,1,194.93
mobile,553904149065456549,1484309224,1,167.97
mobile,7263427657913895507,1484861545,1,154.97
mobile,9423576751760739793,1483471853,1,153.93
mobile,649093489751982679,1483645909,1,120.94
mobile,5192466598452489380,1484627305,1,110.97
mobile,1849906954215296139,1485760289,1,102.93
mobile,1940236239352027930,1484980553,1,90.98
mobile,3760583534389307379,1484719843,1,84.92
mobile,308402457029592335,1485369774,1,79.98
mobile,9771437221362506189,1483538997,2,74.99
mobile,5609577776870095596,1485914727,1,72.98
mobile,7387561254921039539,1485284049,1,69.99
mobile,6330082810003106267,1485210885,1,64.91
mobile,2668364690542030763,1485278846,1,55.99
mobile,0920785317626373504,1485710273,1,55.99
mobile,4174008402411981050,1485903800,1,55.99
mobile,594022882962204579,1485128773,1,52.97
mobile,5230800631136876455,1484710181,1,46.95
mobile,4584926842212769645,1485063570,1,37.98
mobile,8715196944012266147,1485157896,1,37.48
mobile,8455273438163563940,1483412737,1,36.98
mobile,9961713390620821018,1483534225,1,34.97
mobile,3138433209653230300,1485018827,1,34.96
mobile,2367899770531887609,1483732158,1,33.98
mobile,5082310728519609149,1484363272,1,30.46
mobile,4993450863033496114,1485313789,1,28.98
mobile,9478362596934369742,1485883654,1,28.98
mobile,6381379755303153849,1484008342,1,27.98
mobile,8768941993503190593,1483636063,1,26.47
mobile,977244245594974922,1484209633,1,24.99
mobile,1077076810453289235,1483736730,1,22.97
mobile,8470869758522183123,1485562664,1,22.88
mobile,0592466522618439413,1484027155,1,21.99
mobile,6379051489407304771,1484010104,1,21.98
mobile,7804796494256061450,1484025649,1,21.45
mobile,1555076387153706787,1485359576,1,20.49
mobile,9201778469825138922,1485225785,1,19.99
mobile,6539518527897980356,1484000332,1,18.99
mobile,1644471510299169992,1484272649,1,18.99
mobile,7565764107128651335,1483657525,1,18.98
mobile,5944473218831449800,1484518851,1,17.94
mobile,7353302216427585997,1485229585,1,16.99
mobile,0802037866085868199,1484528341,1,16.99
mobile,2698909979431470269,1484540759,1,16.99
mobile,4395471984561333181,1485477841,1,16.97
mobile,3539013620174818735,1484707394,1,16.48
mobile,1866457015323944789,1484670113,1,14.98
mobile,9591183428141040621,1485338720,1,13.98
mobile,9059252837997508617,1485318493,1,12.99
mobile,9918252406090832709,1484613002,1,12.99
mobile,1555076387153706787,1483412499,1,12.98
mobile,5930716560276392518,1484722538,1,10.99
mobile,8002426910576120967,1485365822,1,10.99
mobile,9505279375401532282,1484443678,1,10.99
mobile,512376512516526849,1484413414,1,10.99
mobile,4357414011161520512,1485484006,1,10.99
mobile,9631155213272957768,1484515591,1,10.99
mobile,9373768824735614756,1483463514,1,10.5
mobile,5110726428801714241,1485355484,1,8.99
mobile,5843958474903500870,1485478912,1,8.98
mobile,2262018521556676288,1485292180,1,6.99
mobile,9090173644074015025,1485402328,1,6.99
mobile,2077293997030984346,1485904887,1,6.99
mobile,0582559656298634054,1485554158,1,6.97
mobile,4535878237328113213,1485802555,1,5.97
mobile,0117006987850476291,1484462565,1,3.98
mobile,1292690271020897036,1485752084,1,3.24
mobile,9737461194458412198,1485199595,1,2.5
mobile,7245767536802426368,1485181174,1,1.99